wallet,tx_hash,timestamp,block_number,from_address,to_address,value_eth,gas_used,gas_price_wei,is_error
0x8f2a55949006b2d7c4e4d4b9b5e1a2d1f3c1a001,0xhash001,2023-01-01 12:00:00,16000000,0xfrom1,0xto1,0.5,21000,30000000000,0
0x8f2a55949006b2d7c4e4d4b9b5e1a2d1f3c1a001,0xhash002,2023-02-10 09:30:00,16050000,0xfrom2,0xto2,1.2,22000,32000000000,0
0x3a4f22c98d3c2a1f8b8e2d4a0c7e5b2f4d9c3e02,0xhash003,2024-03-15 14:20:00,17000000,0xfrom3,0xto3,0.05,21000,28000000000,0
0x3a4f22c98d3c2a1f8b8e2d4a0c7e5b2f4d9c3e02,0xhash004,2024-04-18 18:00:00,17020000,0xfrom4,0xto4,0.3,25000,35000000000,0
0x9b1e4c2d7f6a5e4d3c2b1a0f9e8d7c6b5a4e3d03,0xhash005,2024-07-21 11:10:00,17500000,0xfrom5,0xto5,0.9,21000,30000000000,0
0x7c5d4e3f2a1b9c8d6e5f4a3b2c1d0e9f8a7b6c04,0xhash006,2022-05-30 08:45:00,15000000,0xfrom6,0xto6,2.5,30000,40000000000,0
0x1d2c3b4a59687766554433221100ffeeddccb005,0xhash007,2023-09-10 20:15:00,16800000,0xfrom7,0xto7,0.15,21000,29000000000,0
0xaabbccddeeff00112233445566778899aabbcc06,0xhash008,2024-11-02 10:05:00,17800000,0xfrom8,0xto8,0.02,21000,27000000000,0
0x1234567890abcdef1234567890abcdef12345607,0xhash009,2023-12-25 16:40:00,16950000,0xfrom9,0xto9,0.7,23000,31000000000,0
0xabcdefabcdefabcdefabcdefabcdefabcdefab08,0xhash010,2022-02-14 13:55:00,14800000,0xfrom10,0xto10,1.8,26000,33000000000,0
